{"cameraMode":{"drawMode":0,"name":"Shaded","section":"Shading Mode"},"sceneLighting":true,"audioPlay":false,"sceneViewState":{"m_AlwaysRefresh":false,"showFog":true,"showSkybox":true,"showFlares":true,"showImageEffects":true,"showParticleSystems":true,"showVisualEffectGraphs":true,"m_FxEnabled":true},"in2DMode":false,"pivot":{"x":500.14666748046877,"y":0.547192394733429,"z":498.9379577636719},"rotation":{"x":-0.010168180800974369,"y":-0.9755999445915222,"z":0.21438594162464143,"w":-0.046271830797195438},"size":3.433234214782715,"orthographic":false}