{"cameraMode":{"drawMode":0,"name":"Shaded","section":"Shading Mode"},"sceneLighting":false,"audioPlay":false,"sceneViewState":{"m_AlwaysRefresh":false,"showFog":true,"showSkybox":false,"showFlares":true,"showImageEffects":true,"showParticleSystems":true,"showVisualEffectGraphs":true,"m_FxEnabled":true},"in2DMode":false,"pivot":{"x":-0.335910439491272,"y":0.21531441807746888,"z":-0.03591279312968254},"rotation":{"x":0.16510359942913056,"y":0.7155694365501404,"z":0.18058401346206666,"w":-0.6543007493019104},"size":0.4035252630710602,"orthographic":false}