{"cameraMode":{"drawMode":0,"name":"Shaded","section":"Shading Mode"},"sceneLighting":false,"audioPlay":false,"sceneViewState":{"m_AlwaysRefresh":false,"showFog":true,"showSkybox":false,"showFlares":true,"showImageEffects":true,"showParticleSystems":true,"showVisualEffectGraphs":true,"m_FxEnabled":true},"in2DMode":false,"pivot":{"x":5.960464477539063e-8,"y":0.8776099681854248,"z":-0.03622719645500183},"rotation":{"x":-0.001965210074558854,"y":0.9389134645462036,"z":-0.34412404894828799,"w":-0.005349881947040558},"size":1.3035998344421387,"orthographic":false}